product_name,slug,gtin,brand,category,servings,description,image,retailer_name,retailer_website,price,shipping_cost,url,in_stock
GYM HIGH CREA-4 Elite Capsules,gym-high-crea-4-elite,0742978960459,GYM HIGH,Creatine,60,"Smarter Creatine. Zero Bloat. All Gains. CREA-4 Elite is a powerful 4-in-1 creatine capsule designed for strength, endurance, and recovery — without the bloating or mess of powders. Vegan-friendly, clean label, and made for serious lifters and athletes of all genders.",https://gymhigh.co.uk/wp-content/uploads/2024/06/CREA-4-Elite-Capsules.webp,GYM HIGH,https://gymhigh.co.uk,25.99,3.99,https://gymhigh.co.uk/?post_type=product&p=632,true
GYM HIGH Testo Pro 180 Capsules,gym-high-testo-pro-180-capsules,0742978960411,GYM HIGH,Health Supplements,,"Natural testosterone support with 17 fully listed ingredients — Hormone Activator and System Guard in one formula. \n \nKSM-66 Ashwagandha, D-Aspartic Acid, Tongkat Ali, Fenugreek, Nettle Root, Zinc, Boron and more — every ingredient dosed transparently across two targeted blends. 3 capsules morning, 3 capsules evening. 60 servings. Not for under 18s. \n \n 🔬 17 active ingredients — every dose listed \n ⚡ KSM-66 Ashwagandha — 600 mg daily \n 🛡️ System Guard — liver health & estrogen management \n 🇬🇧 Lab tested. UK made.",https://gymhigh.co.uk/wp-content/uploads/2024/06/Testo-Pro-Capsules.webp,GYM HIGH,https://gymhigh.co.uk,55.99,3.99,https://gymhigh.co.uk/?post_type=product&p=635,true
GYM HIGH BCAA 120 Capsules,gym-high-bcaa-120-capsules,0742978960497,GYM HIGH,Amino Acids,,"GYM HIGH™ BCAA – Fast-Acting Muscle Recovery & Performance \n Power up your workouts with GYM HIGH™ BCAA , a premium blend of L-Leucine, L-Isoleucine, and L-Valine with added electrolytes for muscle growth, endurance, and recovery . \n ✔ Boosts Muscle Growth – Supports protein synthesis & repair ✔ Enhances Endurance – Reduces fatigue for longer workouts ✔ Speeds Up Recovery – Minimizes soreness & muscle breakdown ✔ Hydration Support – Added electrolytes for optimal performance ✔ Fast-Absorbing Formula – Black pepper extract for better absorption \n Train harder, recover faster—try GYM HIGH™ BCAA today!",https://gymhigh.co.uk/wp-content/uploads/2024/06/BCAA-Capsules-amino-acids.webp,GYM HIGH,https://gymhigh.co.uk,17.99,3.99,https://gymhigh.co.uk/?post_type=product&p=638,true
GYM HIGH Hydro Amino,gym-high-hydro-amino,,GYM HIGH,Amino Acids,35,"GYM HIGH™ Hydro Amino – Hydrate, Perform, Recover \n Fuel your active lifestyle with GYM HIGH™ Hydro Amino , a powerful blend of EAAs, BCAAs, B-vitamins, nootropics, and natural electrolytes in a refreshing, easy-to-mix drink. \n ✔ Boosts Energy & Focus – Enhances mental clarity & performance ✔ Builds & Preserves Muscle – Supports muscle growth & recovery ✔ Natural Hydration – Coconut water electrolytes for optimal balance ✔ Fast Recovery – Reduces fatigue & muscle soreness ✔ Zero Sugar, Zero Calories – Gluten-free, soy-free, & keto-friendly \n Stay hydrated, stay strong—try GYM HIGH™ Hydro Amino today!",https://gymhigh.co.uk/wp-content/uploads/2024/06/Hydro-Amino.webp,GYM HIGH,https://gymhigh.co.uk,33.99,3.99,https://gymhigh.co.uk/?post_type=product&p=639,true
GYM HIGH Whey Pro Synergy 1.8kg,gym-high-whey-pro-synergy-18kg,,GYM HIGH,Whey Protein,,"25.2 g protein per serving from whey isolate and casein — with 400 mg probiotic blend for gut comfort. \n \nFast-release whey and slow-release casein in one shake. Four probiotic strains added so it's gentle enough for everyday use. Mixes clean in water. 1.8 kg tub, 60 servings, 6 flavours. \n \n 💪 25.2 g protein per serving (50% NRV) \n 🧬 50/50 whey isolate & micellar casein \n 🦠 400 mg probiotic blend — 4 strains \n 🍫 6 flavours — 60 servings / 1.8 kg",https://gymhigh.co.uk/wp-content/uploads/2024/06/Whey-Pro-Synergy-1.8kg.webp,GYM HIGH,https://gymhigh.co.uk,69.99,0.00,https://gymhigh.co.uk/?post_type=product&p=646,false
GYM HIGH Whey Pro Synergy Dynamic 600g,gym-high-whey-pro-synergy-dynamic-600g,,GYM HIGH,Whey Protein,,"GYM HIGH™ Whey Pro Synergy – Advanced Protein with Probiotic Power \n Fuel your fitness goals with GYM HIGH™ Whey Pro Synergy , a premium blend of whey, casein, and probiotics designed for maximum muscle growth, recovery, and gut health. \n \n Why Choose GYM HIGH™ Whey Pro Synergy? \n ✔ Fast & Sustained Protein Release – Whey for quick absorption, casein for long-term muscle support ✔ Enhanced Digestion & Tolerance – Added probiotics improve gut health & protein absorption ✔ Supports Muscle Growth & Recovery – Ideal for pre/post-workout & nighttime recovery ✔ Boosts Immunity & Metabolism – Probiotic strains promote overall well-being ✔ Reduces Bloating & Gut Discomfort – Helps prevent common digestive issues associated with protein supplements \n Premium Protein + Probiotic Benefits = Superior Performance. Elevate your results with GYM HIGH™ Whey Pro Synergy today!",https://gymhigh.co.uk/wp-content/uploads/2024/06/Whey-Pro-Synergy-20-Servings.webp,GYM HIGH,https://gymhigh.co.uk,29.99,3.99,https://gymhigh.co.uk/?post_type=product&p=655,false
GYM HIGH Mass Gainer,gym-high-mass-gainer,,GYM HIGH,Mass Gainer,14,"GYM HIGH™ Mass Gainer – Maximize Your Muscle Gains \n Take your muscle-building journey to the next level with GYM HIGH™ Mass Gainer , a premium formula designed to fuel your growth, enhance recovery, and deliver optimal nutrition for serious gains. \n \n What Makes GYM HIGH™ Mass Gainer the Ultimate Choice? \n ✔ Powerful Carb & Protein Blend – Features rolled oats, sweet potato, maltodextrin, whey, casein, hydrolyzed egg white, and more for sustained energy and muscle repair. ✔ Enhanced Recovery & Muscle Support – Fortified with BCAAs, micronized L-glutamine, and MCTs to boost endurance and speed up recovery. ✔ Superior Digestion & Absorption – Includes a digestive enzyme blend (amylase, lipase, bromelain, papain) for maximum nutrient uptake. ✔ Loaded with Essential Nutrients – A complete vitamin & mineral blend to support overall health and performance. ✔ Delicious & Nutritious – Rich cocoa, coconut milk powder, and quinoa for a great taste and extra nutritional value. \n 🔥 Bulk Up Smarter, Recover Faster, and Perform Better! 🔥 Whether you’re a bodybuilder, powerlifter, or looking to gain size , GYM HIGH™ Mass Gainer is your ultimate fuel for serious results . \n 💪 Try it today and transform your physique! 💪",https://gymhigh.co.uk/wp-content/uploads/2024/06/Mass-Gainer.webp,GYM HIGH,https://gymhigh.co.uk,31.99,3.99,https://gymhigh.co.uk/?post_type=product&p=661,true
GYM HIGH The Stinger Zero Caffeine Pump Pre Workout 425g,gym-high-the-stinger-zero-caffeine-pump-pre-workout-425g,,GYM HIGH,Pre-Workout,,"Non-stimulant pump pre-workout with 12 fully listed ingredients — zero caffeine, serious performance. \n \n3,000 mg L-Citrulline, 3,200 mg Beta-Alanine, 3,000 mg Glycerol, Betaine Nitrate, Rednite™ and more — three overlapping nitric oxide pathways for maximum pump without a single mg of caffeine. Beginners: 1 scoop. Advanced: 2 scoops. Available in Electric Red, Tropical Punch, Unflavoured. \n \n 🚫 Zero caffeine — no jitters, no crash \n 🌊 3,000 mg L-Citrulline + Betaine Nitrate + Rednite™ \n 💪 17 g per serving — 12 ingredients fully dosed \n 🇬🇧 UK made.",https://gymhigh.co.uk/wp-content/uploads/2024/06/The-Stinger.webp,GYM HIGH,https://gymhigh.co.uk,37.99,3.99,https://gymhigh.co.uk/?post_type=product&p=680,true
GYM HIGH The Stacker,gym-high-the-stacker,,GYM HIGH,Pre Workout,30,"\n \n \n \n \n \n \n \n \n GYM HIGH™ The Stacker – Nootropic, Pre-Workout, Thermogenic & Fat Burner \n The Stacker by GYM HIGH™ is a powerful multi-component supplement that combines nootropic, pre-workout, thermogenic, and fat-burning ingredients to enhance your energy, focus, stamina, and performance. Designed to help you push harder in workouts and burn more calories, it also supports weight loss by boosting metabolism and mobilizing fat. With a unique blend of clinically proven ingredients like Beta-Alanine, L-Tyrosine, Caffeine, and Cocoabuterol, The Stacker promotes muscle endurance, cognitive function, and fat burning without the crash or jitters. \n ✔ Boosts energy, focus, & mental clarity ✔ Enhances endurance, strength & workout performance ✔ Promotes fat burning & weight loss ✔ Increases metabolism & mobilizes fatty acids ✔ Supports mood, alertness & cognitive function \n How to use: Mix one serving with water or your favorite beverage before your workout to elevate performance and support fat loss. \n \n \n \n \n \n \n \n \n \n",https://gymhigh.co.uk/wp-content/uploads/2024/06/The-Stacker.png,GYM HIGH,https://gymhigh.co.uk,37.99,3.99,https://gymhigh.co.uk/?post_type=product&p=696,true
GYM HIGH L-Glutamine  Powder 500g,gym-high-l-glutamine--powder-500g,0742978960350,GYM HIGH,Amino Acids,,"100% pure L-Glutamine — no fillers, no additives, nothing else. \n \nYour body uses glutamine for muscle recovery, gut health, and immune support — but intense training depletes it faster than you can replace it. 5 g per serving, unflavoured, mixes into any shake without changing the taste. \n \n 💪 5 g per serving — 100 servings per tub \n 🔬 100% pure — no fillers or additives \n 🌱 Vegan-friendly, lactose-free \n ➕ Unflavoured — add to any shake",https://gymhigh.co.uk/wp-content/uploads/2024/06/L-Glutamine-Powder.webp,GYM HIGH,https://gymhigh.co.uk,21.99,3.99,https://gymhigh.co.uk/?post_type=product&p=700,true
GYM HIGH Creatine Monohydrate Powder 250g,gym-high-creatine-monohydrate-powder-250g,0794179368862,GYM HIGH,Creatine,,"GYM HIGH™ Creatine Monohydrate – Enhance Strength & Power \n Boost your muscle size and performance with GYM HIGH™ Creatine Monohydrate Powder . This supplement enhances your body’s ability to supply energy to muscles, allowing you to lift heavier weights, complete more reps, and power through intense workouts. Clinically proven to increase strength, power, and endurance, it's the perfect addition to your fitness routine. \n ✔ Increases strength, power, & endurance ✔ Enhances muscle size & performance ✔ Ideal for mixing into protein shakes or pre-workout drinks ✔ Unflavored for easy use with any beverage \n How to use: Mix with your favorite drink or pre-workout for an energy boost before exercising.",https://gymhigh.co.uk/wp-content/uploads/2024/10/Creatine-Monohydrate.webp,GYM HIGH,https://gymhigh.co.uk,21.99,3.99,https://gymhigh.co.uk/?post_type=product&p=701,true
GYM HIGH Beta-Alanine 250g,gym-high-beta-alanine-250g,0742978960480,GYM HIGH,Health Supplements,,Pure beta-alanine powder that builds endurance by buffering acid build-up in muscles — 125 servings per tub. \n \nGYM HIGH Beta-Alanine delivers ~2 g per serving with Vitamin B6 included. Take 2–3 servings daily to hit the researched 3–6 g range. Unflavoured — mixes into any pre-workout or water. Results build over 3–4 weeks of consistent use. Vegan-friendly. \n \n ⚡ ~2 g Beta-Alanine per serving \n 🧠 Vitamin B6 (Pyridoxine) included \n 🔬 125 servings — 250 g tub \n 🌱 Vegan-friendly — unflavoured,https://gymhigh.co.uk/wp-content/uploads/2024/06/Beta-Alanine-Powder.webp,GYM HIGH,https://gymhigh.co.uk,22.99,3.99,https://gymhigh.co.uk/?post_type=product&p=702,true
GYM HIGH Vegan Plant-Based-Protein Blend 600g,gym-high-vegan-plant-based-protein-blend-600g,,GYM HIGH,Health Supplements,,"Vegan protein with a complete amino acid profile — three plant sources, digestive enzymes, no dairy. \n \n22.5 g protein per 30 g serving from pea isolate, hemp, and quinoa. Added Bromelain and Papain enzymes for gut comfort. MCT powder from coconut for sustained energy. Sugar-free, 100% vegan. Available in Berry Bliss, Caramel Chocolate, Vanilla Delight. \n \n 💪 22.5 g protein per serving (44% NRV) \n 🧬 Complete amino profile — all 9 essential aminos \n 🫁 Digestive enzymes — Bromelain & Papain \n 🌱 100% vegan — no dairy, no lactose",https://gymhigh.co.uk/wp-content/uploads/2024/06/Vegan-Plant-Based-Protein-Blend.webp,GYM HIGH,https://gymhigh.co.uk,21.99,3.99,https://gymhigh.co.uk/?post_type=product&p=703,true
GYM HIGH ZMB 60 Capsules,gym-high-zmb-60-capsules,0742978960381,GYM HIGH,Health Supplements,,"Zinc, Magnesium, and B6 — the three nutrients exercise depletes fastest, fully dosed in one capsule. \n \nGYM HIGH ZMB uses aspartate-bonded zinc and magnesium for better absorption than cheaper oxide forms. Supports testosterone levels, muscle recovery, sleep quality, and immune function. 1 capsule per day, 60 servings. Vegan-friendly. \n \n ⚡ Magnesium Aspartate — 450 mg (120% NRV) \n 💪 Zinc Aspartate — 30 mg (300% NRV) \n 🧠 Vitamin B6 — 10.5 mg (750% NRV) \n 🌱 Vegan-friendly — HPMC capsule shell",https://gymhigh.co.uk/wp-content/uploads/2024/06/ZMB-60-Capsules.webp,GYM HIGH,https://gymhigh.co.uk,16.99,3.99,https://gymhigh.co.uk/?post_type=product&p=707,true
GYM HIGH Shaker Bottle,gym-high-shaker-bottle,,GYM HIGH,Accessories,,"\n \n \n \n \n \n \n \n \n GYM HIGH™ Shaker Cup – Perfect for Smooth Mixing & Hydration \n Stay fueled and hydrated with the GYM HIGH™ Shaker Cup , your go-to companion for workouts. Made from BPA-free materials, this shaker ensures you enjoy your drinks without harmful chemicals. The included metal ball guarantees smooth, consistent mixing of your protein or supplements. With a leak-proof design and a 600ml capacity, it’s perfect for on-the-go use without the worry of spills. \n ✔ BPA-free for safe, toxin-free hydration ✔ Metal ball for smooth, consistent mixing ✔ Leak-proof design for convenience on the go ✔ 600ml capacity for optimal hydration during workouts \n How to use: Add your protein powder or supplements, shake well, and enjoy a perfectly blended drink. \n \n \n \n \n \n \n \n \n \n",https://gymhigh.co.uk/wp-content/uploads/2024/06/Shaker-Cup.webp,GYM HIGH,https://gymhigh.co.uk,9.99,3.99,https://gymhigh.co.uk/?post_type=product&p=708,true
GYM HIGH Hardcore Wrist Wraps,gym-high-hardcore-wrist-wraps,,GYM HIGH,Accessories,,"59 cm wrist wraps that provide real joint support — not just the look of it. \n \n8 cm wide for full wrist joint coverage. Reinforced thumb loop, secure velcro closure, black camo design with GYM HIGH branding. Built for bench press, overhead work, CrossFit, gymnastics, and MMA. Sold as a pair. \n \n 📏 59 cm length — substantial support \n ↔️ 8 cm width — full joint coverage \n 🔒 Velcro closure — stays put mid-set \n 👍 Reinforced thumb loop included",https://gymhigh.co.uk/wp-content/uploads/2024/06/Hardcore-Wrist-Wraps.webp,GYM HIGH,https://gymhigh.co.uk,29.99,3.99,https://gymhigh.co.uk/?post_type=product&p=712,true
GYM HIGH 7mm Leather Weight Lifting Belt,gym-high-7mm-leather-weight-lifting-belt,,GYM HIGH,Accessories,,"7mm genuine leather weightlifting belt — tapered design, two-prong buckle, built for heavy lifting. \n \n99 mm wide at the back for full lumbar support, narrowing to 63 mm at the front so it doesn't restrict movement at the bottom of squats or deadlifts. Stainless steel two-prong buckle. Sized S–XXL by belly button measurement — not waist size. Suitable for powerlifting, CrossFit, bodybuilding and MMA. \n \n 🏋️ 7mm genuine leather — tapered fit \n 📐 99 mm back / 63 mm front \n 🔩 Stainless steel two-prong buckle \n 👥 S — XXL — sized by belly button",https://gymhigh.co.uk/wp-content/uploads/2024/06/Weight-Lifting-Belt.webp,GYM HIGH,https://gymhigh.co.uk,49.99,3.99,https://gymhigh.co.uk/?post_type=product&p=713,true
GYM HIGH Performance T-Shirt,gym-high-performance-t-shirt,,GYM HIGH,Accessories,,"A clean GYM HIGH training tee — 95% cotton, comfortable fit, gym to street. \n \nSoft cotton construction that holds its shape and wears well over time. Not a technical moisture-wicking fabric — built for comfort and everyday wear. Clean GYM HIGH branding, nothing loud. Available in XS through XXL. \n \n 👕 95% cotton / 5% polyester \n📐 XS — XXL — fitted cut, size up if in doubt \n 🏋️ Gym, casual, everyday \n 🇬🇧 GYM HIGH branded — clean design",https://gymhigh.co.uk/wp-content/uploads/2024/06/gh-tee-2.png,GYM HIGH,https://gymhigh.co.uk,23.99,3.99,https://gymhigh.co.uk/?post_type=product&p=719,true
GYM HIGH Cream Of Rice 2kg,gym-high-cream-of-rice-2kg,,GYM HIGH,Health Supplements,,"The carb source that doesn't upset your stomach — with probiotics built in. \n \nGYM HIGH Cream Of Rice gives you 19 g of fast-digesting carbs per serving, with a 4-strain probiotic blend added for gut comfort. Smooth texture, five flavours, ready in minutes. Works pre-workout, post-workout, or as an easy daily meal. \n \n ⚡ 80 servings — 28p each \n 🥣 19 g carbs per serving \n 🦠 4 probiotic strains \n ⏱️ Ready in under 3 minutes",https://gymhigh.co.uk/wp-content/uploads/2024/06/Cream-Of-Rice.webp,GYM HIGH,https://gymhigh.co.uk,22.99,3.99,https://gymhigh.co.uk/?post_type=product&p=738,true
GYM HIGH Shred Mode 60 Capsules,gym-high-shred-mode-60-capsules,,GYM HIGH,Health Supplements,,"Thermogenic fat burner with 8 fully listed ingredients — no proprietary blends. \n \nSupports energy, appetite control, and training intensity during calorie deficits. Built for people already training consistently who want to keep progress moving. 1–2 capsules per serving, 60 servings. Not suitable for under 18s. \n \n 🔬 8 active ingredients — every dose listed \n ⚡ 125 mg caffeine per capsule \n 🌶️ Includes Capsicum, BioPerine™ & NeuroPEA™ \n 🇬🇧 UK made",https://gymhigh.co.uk/wp-content/uploads/2025/04/GYM-HIGH-Shred-Mode-Thermogenic-Fat-Burner.webp,GYM HIGH,https://gymhigh.co.uk,39.99,3.99,https://gymhigh.co.uk/?post_type=product&p=2796,true
GYM HIGH Pure L-Arginine powder 500g,gym-high-pure-l-arginine-powder-500g,0691057494654,GYM HIGH,Health Supplements,166,"Pure L-Arginine powder — supports nitric oxide, blood flow, and muscle pump. \n \nGYM HIGH Pure L-Arginine is 100% pharmaceutical-grade powder with no fillers or additives. 3 g per serving, 166 servings per tub. Unflavoured — mixes into any pre-workout, shake, or water without changing the taste. Vegan-friendly, UK made. \n \n 💪 3 g per serving — 166 servings per tub \n 🔬 100% pure — no fillers or additives \n 🌱 Vegan-friendly \n ⏱️ Take 30–45 min before training",https://gymhigh.co.uk/wp-content/uploads/2025/09/GYM-HIGH-L-Arginine-Powder.jpg,GYM HIGH,https://gymhigh.co.uk,26.99,3.99,https://gymhigh.co.uk/?post_type=product&p=3333,true
GYM HIGH Liquid Chalk,gym-high-liquid-chalk,,GYM HIGH,Health Supplements,,"Liquid chalk that dries in seconds and holds through sweat — gym-friendly, no powder mess. \n \nApply a small amount, rub together, wait a few seconds. Secure grip from first rep to last. Works where loose chalk doesn't — minimal dust, no complaints from gym staff. 250 ml fits your bag. \n \n ✋ Dries in seconds — ready before warm-up \n 🏢 Gym-friendly — minimal dust \n 🏋️ Deadlifts, pull-ups, climbing, gymnastics \n 🎒 250 ml — fits any gym bag",https://gymhigh.co.uk/wp-content/uploads/2025/11/GYM-HIGH-Liquid-Chalk.jpg,GYM HIGH,https://gymhigh.co.uk,9.99,3.99,https://gymhigh.co.uk/?post_type=product&p=3405,true
GYM HIGH Whey Pro Synergy Dynamic 600g,gym-high-whey-pro-synergy-dynamic-600g,,GYM HIGH,Whey Protein,,"Most protein powders give you speed or staying power. This one gives you both. \n \nGYM HIGH Whey Pro Synergy Dynamic blends 50% whey isolate with 50% micellar casein — fast-acting and slow-release in a single shake. Add probiotics for gut comfort, and you've got 24 g of protein that actually agrees with you. Available in Banana, Chocolate, Strawberry and Vanilla.",https://gymhigh.co.uk/wp-content/uploads/2026/04/GYM-HIGH-Whey-Pro-Synergy-Dynamic-600g.jpg,GYM HIGH,https://gymhigh.co.uk,29.99,3.99,https://gymhigh.co.uk/?post_type=product&p=3627,true
GYM HIGH L-Carnitine Liquid 500 ml,gym-high-l-carnitine-liquid-500-ml,,GYM HIGH,Weight Management,,\n Build Your Routine & Save \n 1 Bottle — Try It \nPerfect if you’re trying Gym High for the first time. \n \n 2 Bottles — Best Routine Pack \nSave 10% when you add 2 bottles. \n \n 3 Bottles — Best Value \nSave 15% + free shipping when you add 3 bottles. \n Discount is applied automatically in your basket. \n \n,https://gymhigh.co.uk/wp-content/uploads/2026/03/GYM-HIGH-L-Carnitine-liquid.jpg,GYM HIGH,https://gymhigh.co.uk,23.99,3.99,https://gymhigh.co.uk/?post_type=product&p=3955,true
GYM HIGH Creatine Monohydrate 400g,gym-high-creatine-monohydrate-400g,0691057494883,GYM HIGH,Creatine,,"100% micronised creatine monohydrate — one ingredient, nothing added, 80 servings. \n \nMicronised for better mixability and faster absorption than standard creatine. 5 g per serving — the dose backed by decades of research. Unflavoured, mixes into any shake or water without changing the taste. Vegan-friendly, zero fillers, zero sugars. \n \n ⚡ 5 g creatine per serving — 80 servings \n 🔬 Micronised — better absorption, no grit \n 🚫 Zero fillers, zero sugars, unflavoured \n 🌱 Vegan-friendly — UK made",https://gymhigh.co.uk/wp-content/uploads/2026/05/gym-high-creatine-monohydrate-400.jpg,GYM HIGH,https://gymhigh.co.uk,25.99,3.99,https://gymhigh.co.uk/?post_type=product&p=4623,true
